0,"Ishq Nachaawe - From ""Kho Gaye Hum Kahan""",OAFF,2024-01-19T10:58:11.961Z,2024-01-19
1,Deva Shree Ganesha,Ajay-Atul,2024-01-19T10:54:12.500Z,2024-01-19
2,"Ishq Nachaawe - From ""Kho Gaye Hum Kahan""",OAFF,2024-01-19T10:48:11.170Z,2024-01-19
3,"Ishq Nachaawe - From ""Kho Gaye Hum Kahan""",OAFF,2024-01-19T10:37:55.402Z,2024-01-19
4,Cloud Surfing,Various Artists,2024-01-18T21:49:30.070Z,2024-01-18
5,The Chorus of Dawn,LostiFi,2024-01-18T21:06:16.897Z,2024-01-18
6,Daylight Drive,Redmatic レド,2024-01-18T21:04:37.799Z,2024-01-18
7,Brighter Days,Lofi Fruits Music,2024-01-18T21:02:24.760Z,2024-01-18
8,Scent of You,Fallen Roses,2024-01-18T21:00:30.858Z,2024-01-18
9,Weird,Bokki,2024-01-18T20:58:26.220Z,2024-01-18
10,Fading Mirage,Nogymx,2024-01-18T20:56:45.478Z,2024-01-18
11,Calm Evening,Various Artists,2024-01-18T20:54:17.475Z,2024-01-18
12,Wasted,Kirikoukiri,2024-01-18T20:52:18.520Z,2024-01-18
13,carried away,sogni,2024-01-18T20:49:35.967Z,2024-01-18
14,Bird Watcher,Mavine,2024-01-18T20:46:22.547Z,2024-01-18
15,Feeling Good,Formal Chicken,2024-01-18T20:44:55.665Z,2024-01-18
16,Layers,Various Artists,2024-01-18T20:43:01.569Z,2024-01-18
17,Little People,Avocuddle,2024-01-18T20:40:33.236Z,2024-01-18
18,What If It All Turned out Fine,Jhove,2024-01-18T20:38:30.803Z,2024-01-18
19,To the Stars,Various Artists,2024-01-18T20:35:48.153Z,2024-01-18
