0,Aisay Kaisay,Hasan Raheem,2024-01-21T09:32:42.001Z,2024-01-21
1,"Teri Yeh Baatein - From ""Kho Gaye Hum Kahan""",OAFF,2024-01-21T09:29:23.500Z,2024-01-21
2,Dhundhala,Yashraj,2024-01-21T09:26:33.374Z,2024-01-21
3,"Ishq Nachaawe - From ""Kho Gaye Hum Kahan""",OAFF,2024-01-21T09:23:30.285Z,2024-01-21
4,"Ishq Nachaawe - From ""Kho Gaye Hum Kahan""",OAFF,2024-01-21T09:19:39.668Z,2024-01-21
5,"Ishq Nachaawe - From ""Kho Gaye Hum Kahan""",OAFF,2024-01-21T09:15:42.802Z,2024-01-21
6,Ms. Ho,Onra,2024-01-20T16:10:56.958Z,2024-01-20
7,Reiwa,Vindu,2024-01-20T16:08:59.670Z,2024-01-20
8,Shakuhachi,Grillabeats,2024-01-20T16:04:43.911Z,2024-01-20
9,Party In The U.S.A.,Miley Cyrus,2024-01-20T14:51:59.252Z,2024-01-20
10,Delilah (pull me out of this),Fred again..,2024-01-20T14:48:37.177Z,2024-01-20
11,RATATA,Skrillex,2024-01-20T14:44:18.653Z,2024-01-20
12,COUNTRY RIDDIM,HOL!,2024-01-20T14:41:49.169Z,2024-01-20
13,Miezekatze,Coverrun,2024-01-20T14:38:51.294Z,2024-01-20
14,Danielle (smile on my face),Fred again..,2024-01-20T14:35:42.348Z,2024-01-20
15,Neverland,Late Dan,2024-01-20T14:32:20.976Z,2024-01-20
16,Hold On - Radio Mix,Paul Mile,2024-01-20T14:28:29.749Z,2024-01-20
17,"Sex, Drugs, House & Techno - Radio Mix",woofa kid,2024-01-20T14:23:43.247Z,2024-01-20
18,Leave Me Like This,Skrillex,2024-01-20T14:20:35.856Z,2024-01-20
19,"Ishq Nachaawe - From ""Kho Gaye Hum Kahan""",OAFF,2024-01-20T14:16:59.088Z,2024-01-20
